{
  "project_info": {
    "project_number": "284752271209",
    "project_id": "harirampurnirshorgoshongo",
    "storage_bucket": "harirampurnirshorgoshongo.appspot.com"
  },
  "client": [
    {
      "client_info": {
        "mobilesdk_app_id": "1:284752271209:android:867d3ab6c6a9527f758ff8",
        "android_client_info": {
          "package_name": "com.jalil.harirampurnirshorgosongo"
        }
      },
      "oauth_client": [
        {
          "client_id": "284752271209-9i00vq0mfqlq52i8fa1en6upvb78g2as.apps.googleusercontent.com",
          "client_type": 1,
          "android_info": {
            "package_name": "com.jalil.harirampurnirshorgosongo",
            "certificate_hash": "848ec1b2c8b5def2d2f235886a2d1b6712ca5cb5"
          }
        },
        {
          "client_id": "284752271209-0dtmhv7aeg1fitavlq7os1h7s70vurng.apps.googleusercontent.com",
          "client_type": 3
        }
      ],
      "api_key": [
        {
          "current_key": "AIzaSyB2vGl90E4hIhHFB3uiRklTwHHyltArYrc"
        }
      ],
      "services": {
        "appinvite_service": {
          "other_platform_oauth_client": [
            {
              "client_id": "284752271209-0dtmhv7aeg1fitavlq7os1h7s70vurng.apps.googleusercontent.com",
              "client_type": 3
            }
          ]
        }
      }
    }
  ],
  "configuration_version": "1"
}